<root>
<config>
	<cms_wysiwyg>
		<wysiwyg>
			<enabled>0</enabled>
		</wysiwyg>
	</cms_wysiwyg>
	<kasuva_design>
        <basic>
            <general_color_themesettings>0</general_color_themesettings>
            <theme_color>684F39</theme_color>
            <text_color>555555</text_color>
            <link_color>333333</link_color>
            <link_hover_color>684F39</link_hover_color>
            <btn_bg_color>CCCCCC</btn_bg_color>
            <btn_text_color>555555</btn_text_color>
            <btn_hbg_color>684F39</btn_hbg_color>
            <btn_htext_color>FFFFFF</btn_htext_color>
            <btn_border_color>CCCCCC</btn_border_color>
            <btn_hborder_color>684F39</btn_hborder_color>
            <btn_style>ucbtns1</btn_style>
            <newlabel_color>684F39</newlabel_color>
            <salelabel_color>FF7878</salelabel_color>
        </basic>
        <header>
            <header_color_themesettings>0</header_color_themesettings>
			<topbar_bg>EFEFEF</topbar_bg>
			<topbar_link_color>333333</topbar_link_color>
			<topbar_link_hcolor>684F39</topbar_link_hcolor>
			<topbar_link_border_color>E2E2E2</topbar_link_border_color>
			<topbar_welcomtext_color>684F39</topbar_welcomtext_color>
			<header_bg>fff</header_bg>
			<header_text_color>333333</header_text_color>
			<header_search_bg>F6F6F6</header_search_bg>
			<header_search_color>555555</header_search_color>
        </header>
        <footer>
            <footer_color_themesettings>0</footer_color_themesettings>
            <ftop_bg>fff</ftop_bg>
            <ftop_text>666666</ftop_text>
            <ftop_bhead_text>555</ftop_bhead_text>
            <ftop_link>666</ftop_link>
            <ftop_hlink>684F39</ftop_hlink>
            <ftop_icon_bg>666</ftop_icon_bg>
            <ftop_icon_text>fff</ftop_icon_text>
            <fbot_bg>202020</fbot_bg>
            <fbot_text>666666</fbot_text>
            <fbot_bhead_text>898989</fbot_bhead_text>
            <fbot_link>666666</fbot_link>
            <fbot_hlink>684F39</fbot_hlink>
            <fbot_list_dot>666</fbot_list_dot>
            <fbot_list_botborder>292929</fbot_list_botborder>
            <fcopyrights_bg>121212</fcopyrights_bg>
            <fcopyrights_text>666</fcopyrights_text>
        </footer>
        <megamenu>
            <megamenu_color_themesettings>0</megamenu_color_themesettings>
            <nav_bg>F7F7F7</nav_bg>
            <nav_item_hbg>684F39</nav_item_hbg>
			<nav_fontsize>15</nav_fontsize>
            <nav_text>333333</nav_text>
            <nav_item_htext>fff</nav_item_htext>
            <megamenu_bg>fff</megamenu_bg>
            <megamenu_text>fff</megamenu_text>
            <megamenu_col_headtext>333</megamenu_col_headtext>
            <megamenu_col_headb>684F39</megamenu_col_headb>
            <megamenu_link>ddd</megamenu_link>
            <megamenu_hlink>684F39</megamenu_hlink>
        </megamenu>
		<fonts>
            <font_family>googlefont</font_family>
            <google_fontfamily>Open Sans</google_fontfamily>
            <googleprimary_char_latin_ext></googleprimary_char_latin_ext>
			<general_fontsize>13</general_fontsize>
            <head_font_family>googlefont</head_font_family>
            <head_google_fontfamily>Open Sans</head_google_fontfamily>
            <head_googleprimary_char_latin_ext></head_googleprimary_char_latin_ext>
			<head_fontweight>600</head_fontweight>
        </fonts>
        <category>
            <category_color_themesettings>0</category_color_themesettings>
            <category_title_color>684F39</category_title_color>
            <category_desc_color>684F39</category_desc_color>
        </category>
        <product_info>
            <productinfo_color_themesettings>0</productinfo_color_themesettings>
            <product_tabs_bg>F2F2F2</product_tabs_bg>
            <product_tabs_text>555555</product_tabs_text>
            <product_tabs_hbg>684F39</product_tabs_hbg>
            <product_tabs_htext>FFFFFF</product_tabs_htext>
            <product_tabs_abg>684F39</product_tabs_abg>
            <product_tabs_abg>FFFFFF</product_tabs_abg>
        </product_info>
    </kasuva_design>
	<kasuva_settings>
        <general>
            <boxed>wide</boxed>
			<product_btn_style>ucbs2-m</product_btn_style>
			<boxed_bgimg>pattern1.png</boxed_bgimg>
			<boxed_bgcolor>fff</boxed_bgcolor>
        </general>
        <header>
            <theme_logo>logo_3.png</theme_logo>
            <logo_alt>kasuva</logo_alt>
			<header_contact>(400) 888 888 868 </header_contact>
            <header_email>saler@kasuva.com </header_email>
            <compare_link>1</compare_link>
            <sticky_nav>1</sticky_nav>
        </header>
        <footer>
            <active_footer_top>1</active_footer_top>
            <active_footer_bottom>1</active_footer_bottom>
            <copyrights_text><![CDATA[Copyright &copy; 2016  kasuva -  All rights Reserved]]></copyrights_text>
        </footer>
        <category>
            <category_layout>0</category_layout>
            <categoryinfo_layout>inside</categoryinfo_layout>
            <categoryinfo_image>1</categoryinfo_image>
            <categoryinfo_title>inside</categoryinfo_title>
            <categoryinfo_desc>inside</categoryinfo_desc>
        </category>
        <category_products>
			<catgrid_1col_lg>5</catgrid_1col_lg>
            <catgrid_1col_md>5</catgrid_1col_md>
            <catgrid_1col_sm>4</catgrid_1col_sm>
            <catgrid_1col_xs>2</catgrid_1col_xs>
            <catgrid_1col_xxs>1</catgrid_1col_xxs>
			<catgrid_2col_lg>4</catgrid_2col_lg>
            <catgrid_2col_md>4</catgrid_2col_md>
            <catgrid_2col_sm>3</catgrid_2col_sm>
            <catgrid_2col_xs>2</catgrid_2col_xs>
            <catgrid_2col_xxs>1</catgrid_2col_xxs>
			<catgrid_3col_lg>3</catgrid_3col_lg>
            <catgrid_3col_md>3</catgrid_3col_md>
            <catgrid_3col_sm>3</catgrid_3col_sm>
            <catgrid_3col_xs>2</catgrid_3col_xs>
            <catgrid_3col_xxs>1</catgrid_3col_xxs>
            <catprod_altimg_enable>1</catprod_altimg_enable>
            <catprod_aspratio>0</catprod_aspratio>
            <catprodimg_width>204</catprodimg_width>
            <catprodimg_height>253</catprodimg_height>
            <catprod_sku_enable>0</catprod_sku_enable>
            <catprod_price_enable>1</catprod_price_enable>
            <catprod_rating_enable>1</catprod_rating_enable>
            <catprod_wishlist_enable>1</catprod_wishlist_enable>
            <catprod_compare_enable>1</catprod_compare_enable>
            <catprod_addtocart_enable>1</catprod_addtocart_enable>
            <catprod_quickview_enable>1</catprod_quickview_enable>
        </category_products>
        <product_info>
            <product_layout>2columns-right</product_layout>
            <productinfo_sku_enable>1</productinfo_sku_enable>
            <productinfo_quickinfo_enable>1</productinfo_quickinfo_enable>
            <product_aspratio>1</product_aspratio>
            <product_image_width>336</product_image_width>
            <product_image_height>417</product_image_height>
            <elevate_enable>1</elevate_enable>
            <zoom_type>window</zoom_type>
            <zoom_window_width>300</zoom_window_width>
            <zoom_window_height>300</zoom_window_height>
            <elevate_lenssize>200</elevate_lenssize>
            <elevate_lenstype>square</elevate_lenstype>
            <elevate_bordersize>1</elevate_bordersize>
            <elevate_bordercolor>888888</elevate_bordercolor>
            <elevate_tint>1</elevate_tint>
            <elevate_tint_color>000000</elevate_tint_color>
            <elevate_tint_opacity>0.3</elevate_tint_opacity>
            <elevate_scrollzoom>1</elevate_scrollzoom>
            <elevate_easing>1</elevate_easing>
            <elevate_easingduration>1000</elevate_easingduration>
            <elevate_cursor>pointer</elevate_cursor>
            <elevate_lightbox>1</elevate_lightbox>
            <productinfo_tabs_enable>1</productinfo_tabs_enable>
            <product_tab_style>horizontal</product_tab_style>
        </product_info>
        <products_slider>
            <prodslider_altimg_enable>1</prodslider_altimg_enable>
            <prodslider_aspratio>0</prodslider_aspratio>
            <prodsliderimg_width>180</prodsliderimg_width>
            <prodsliderimg_height>223</prodsliderimg_height>
            <prodmslider_altimg_enable>0</prodmslider_altimg_enable>
            <prodmslider_aspratio>0</prodmslider_aspratio>
            <prodmsliderimg_width>100</prodmsliderimg_width>
            <prodmsliderimg_height>124</prodmsliderimg_height>
            <prodslider_sku_enable>0</prodslider_sku_enable>
            <prodslider_price_enable>1</prodslider_price_enable>
            <prodslider_rating_enable>1</prodslider_rating_enable>
            <prodslider_wishlist_enable>1</prodslider_wishlist_enable>
            <prodslider_compare_enable>1</prodslider_compare_enable>
            <prodslider_addtocart_enable>1</prodslider_addtocart_enable>
            <prodslider_quickview_enable>1</prodslider_quickview_enable>
        </products_slider>
		<product_related>
            <relatedprod_enable>1</relatedprod_enable>
            <relatedprod_title><![CDATA[Related Products]]></relatedprod_title>
            <relatedprod_max>12</relatedprod_max>
            <relatedprod_1c_item>5</relatedprod_1c_item>
            <relatedprod_2c_item>4</relatedprod_2c_item>
            <relatedprod_3c_item>3</relatedprod_3c_item>
            <relatedprod_sku_enable>0</relatedprod_sku_enable>
            <relatedprod_price_enable>1</relatedprod_price_enable>
            <relatedprod_rating_enable>1</relatedprod_rating_enable>
            <relatedprod_wishlist_enable>1</relatedprod_wishlist_enable>
            <relatedprod_compare_enable>1</relatedprod_compare_enable>
            <relatedprod_addtocart_enable>1</relatedprod_addtocart_enable>
            <relatedprod_quickview_enable>0</relatedprod_quickview_enable>
        </product_related>
		<product_upsell>
            <upsellprod_enable>1</upsellprod_enable>
            <upsellprod_title><![CDATA[Upsell Products]]></upsellprod_title>
            <upsellprod_max>12</upsellprod_max>
            <upsellprod_1c_item>5</upsellprod_1c_item>
            <upsellprod_2c_item>4</upsellprod_2c_item>
            <upsellprod_3c_item>3</upsellprod_3c_item>
            <upsellprod_sku_enable>0</upsellprod_sku_enable>
            <upsellprod_price_enable>1</upsellprod_price_enable>
            <upsellprod_rating_enable>1</upsellprod_rating_enable>
            <upsellprod_wishlist_enable>1</upsellprod_wishlist_enable>
            <upsellprod_compare_enable>1</upsellprod_compare_enable>
            <upsellprod_addtocart_enable>1</upsellprod_addtocart_enable>
            <upsellprod_quickview_enable>0</upsellprod_quickview_enable>
        </product_upsell>
        <product_labels>
            <new>1</new>
            <sale>1</sale>
        </product_labels>
		<newsletter_popup>
			<enabled>1</enabled>
			<newsletter_pop_logo>images/logo_mid.png</newsletter_pop_logo>
			<newsletter_pop_cont><![CDATA[<span class="fntuc-gen">Sign Up Our Newsletter &<br> Get Discount For Your Next Purchase!</span>]]></newsletter_pop_cont>
			<newsletter_pop_dtime>2000</newsletter_pop_dtime>
			<newsletter_pop_width>700px</newsletter_pop_width>
			<newsletter_pop_height>324px</newsletter_pop_height>
			<newsletter_pop_bgcolor>#efefef</newsletter_pop_bgcolor>
			<newsletter_pop_bgimage>newsletter_bg.png</newsletter_pop_bgimage>
		</newsletter_popup>
		<contacts>
			<gmap_enabled>1</gmap_enabled>
			<custom_gmap>contacts_google_map</custom_gmap>
			<custom_store_info>contacts_store_information</custom_store_info>
		</contacts>
    </kasuva_settings>
	<daeon_mainslider>
        <settings>
            <mainslider_enable>1</mainslider_enable>
        </settings>
		<options>
            <full_width>0</full_width>
            <slider_width>1140</slider_width>
            <auto_height>0</auto_height>
            <slider_height>465</slider_height>
            <slider_onhoverpause>1</slider_onhoverpause>
            <slider_controls>1</slider_controls>
            <slider_pager>1</slider_pager>
            <slider_autoplay>1</slider_autoplay>
            <slider_slidetransspeed>2000</slider_slidetransspeed>
            <slider_effecttype>fade</slider_effecttype>
            <slider_infinite>1</slider_infinite>
        </options>
    </daeon_mainslider>
    <price_ajaxfilter>
        <ajax_conf>
            <layered>1</layered>
            <ajaxfilter>1</ajaxfilter>
            <toolbar>1</toolbar>
            <overlay_color>000000</overlay_color>
            <overlay_opacity>0.1</overlay_opacity>
            <loading_image>default/balls.gif</loading_image>
            <loading_text_color></loading_text_color>
			<loading_text></loading_text>
			<afterAjax></afterAjax>
        </ajax_conf>
		<price_ajaxfilter_settings>
            <ajaxfilter_loader_active>1</ajaxfilter_loader_active>
            <include_jquery>0</include_jquery>
            <include_jquery_ui>1</include_jquery_ui>
        </price_ajaxfilter_settings>
		<price_ajaxfilter_conf>
            <timeout>100</timeout>
            <use_image>0</use_image>
            <handle_image></handle_image>
            <background_image></background_image>
            <range_image></range_image>
            <handle_color>FFFFFF</handle_color>
            <handle_border_color>684F39</handle_border_color>
            <background_color>F1F1F1</background_color>
            <range_color>C3C3C3</range_color>
            <handle_width>20</handle_width>
            <handle_height>20</handle_height>
            <ajaxfilter_width>auto</ajaxfilter_width>
            <ajaxfilter_height>6</ajaxfilter_height>
            <amount_style></amount_style>
            <textbox>1</textbox>
            <textBoxCss><![CDATA[border:1px solid #f2f2f2; color:#555; padding:3px; width:50px;]]></textBoxCss>
            <goBtnText>Filter</goBtnText>
            <goBtnCss></goBtnCss>
            <onSlide></onSlide>
        </price_ajaxfilter_conf>
    </price_ajaxfilter>
    <ajaxpkt>
        <ajaxpkt_conf>
            <ajaxpkt_active>1</ajaxpkt_active>
        </ajaxpkt_conf>
    </ajaxpkt>
	<daeon_megamenu>
        <general>
            <enabled>1</enabled>
			<web_menu>1</web_menu>
            <max_level>4</max_level>
            <show_home_link>lnk-icon</show_home_link>
            <display_empty_categories>1</display_empty_categories>
            <default_menu_type>full_width</default_menu_type>
            <default_menu_columns>4</default_menu_columns>
			<mobile_menu>1</mobile_menu>
			<navmenu_before_block>pu_before_navmenu_links</navmenu_before_block>
			<navmenu_after_block>pu_after_navmenu_links</navmenu_after_block>
            <sidebar_enabled>1</sidebar_enabled>
            <showsidebar_home_link>lnk</showsidebar_home_link>
        </general>
		<category_labels>
            <label_1><![CDATA[New]]></label_1>
            <label_2><![CDATA[Hot!]]></label_2>
        </category_labels>
    </daeon_megamenu>
	<fltproducts>
        <newprodcattabs>
            <active>1</active>
            <title><![CDATA[New Products]]></title>
            <max_cat>5</max_cat>
            <max_product>25</max_product>
            <column_count>1</column_count>
            <row_count>1</row_count>
        </newprodcattabs>
		<newproduct>
            <active>1</active>
            <title><![CDATA[new arrivals]]></title>
            <max_product>6</max_product>
            <products_styles>slider</products_styles>
            <column_count>1</column_count>
            <row_count>1</row_count>
        </newproduct>
		<featured>
            <active>1</active>
            <title><![CDATA[Featured Products]]></title>
            <max_product>18</max_product>
            <products_styles>micro</products_styles>
            <column_count>1</column_count>
            <row_count>1</row_count>
        </featured>
		<bestsellers>
            <active>0</active>
            <title><![CDATA[Best Seller]]></title>
            <max_product>6</max_product>
            <products_styles>slider</products_styles>
            <column_count>1</column_count>
            <row_count>1</row_count>
        </bestsellers>
		<specials>
            <active>1</active>
            <title><![CDATA[special deals]]></title>
            <max_product>6</max_product>
            <products_styles>slider</products_styles>
            <column_count>1</column_count>
            <row_count>1</row_count>
        </specials>
		<mostviewed>
            <active>0</active>
            <title><![CDATA[Most Viewed]]></title>
            <max_product>15</max_product>
            <products_styles>slider</products_styles>
            <column_count>1</column_count>
            <row_count>1</row_count>
        </mostviewed>
		<allproducts>
            <active>0</active>
            <title><![CDATA[All Products]]></title>
            <max_product>20</max_product>
            <products_styles>slider</products_styles>
            <column_count>1</column_count>
            <row_count>1</row_count>
        </allproducts>
		<promotional>
            <active>0</active>
            <title><![CDATA[Promotional Products]]></title>
            <max_product>6</max_product>
            <products_styles>slider</products_styles>
            <column_count>1</column_count>
            <row_count>1</row_count>
        </promotional>
		<lastordered>
            <active>0</active>
            <title><![CDATA[Recently Ordered]]></title>
            <max_product>15</max_product>
            <products_styles>slider</products_styles>
            <column_count>1</column_count>
            <row_count>1</row_count>
        </lastordered>
    </fltproducts>
</config>
</root>